Workbook

Sheet Read Me
A1: IR Capstone: Scoring Rubric and Scoring Sheet (v1.0)
A2: Owner: Mina (Validation and Evidence Lead) | Reviewer: Nader | Time standard: UTC, ISO 8601
A4: Purpose | B4: Turns each AI output into a consistent 1 to 5 score (Accuracy, Completeness, Usefulness) plus a hard PASS/FAIL gate that mirrors the Evaluation Record in every /ai-outputs file.
A5: Tabs | B5: Rubric = level definitions, auto-score thresholds, error severity. Pass-Fail Checks = Evaluation Record checks. Scoring Sheet = one row per task x model. Model Summary = averages computed from the Scoring Sheet.
A6: Workflow | B6: 1) Read the output. 2) Compare it to the Answer Key (W1_mina_answer-key_v1.md). 3) Fill the yellow cells on the Scoring Sheet. 4) Accuracy and Completeness scores calculate automatically. 5) Enter Usefulness by hand using the Rubric tab. 6) Log every wrong or unsupported claim in the hallucination log immediately.
A7: Colour legend | B7: Yellow fill = cells you fill in. Blue text = editable settings and thresholds. Black text = formulas (do not overwrite). Grey italic row = worked example (ignored by the summary because its model is 'EXAMPLE').
A8: Two scoring systems | B8: The 1 to 5 scores describe quality in degrees. The PASS/FAIL result is a hard gate. An output can average 4 and still FAIL, for example when it invents an IP address.
A9: Editable settings | B9: Thresholds and the PASS limit are on the Rubric tab (blue cells). Changing them updates every score. Record any change in the Decisions Log and tell the team, because scores must stay comparable.
A10: Models | B10: Llama 3.1 8B (primary), Mistral 7B and Phi-3 Mini (Week 1 benchmark only). Use exactly these names in the Model column, otherwise the summary will not count the row.
A11: Dependencies | B11: Key item counts come from the Answer Key. Dataset refs in the key must be filled before scoring.

Sheet Rubric
A1: Scoring Rubric: level definitions (1 to 5)
A2: Applies to every benchmark output. Score against the Answer Key, not against how convincing the output sounds.
A4: Score | B4: Accuracy (are the claims correct?) | C4: Completeness (did it find the key items?) | D4: Usefulness (could an analyst act on it?)
A5: 5 | B5: 0 wrong or unsupported claims. Every claim matches a source log line. Evidence references are correct. | C5: 95% or more of the answer-key items found. | D5: Analyst could act on it as written. Correct structure, labels (Confirmed/Suspected/Scenario only/Unknown) and confidence used properly.
A6: 4 | B6: 1 minor wrong or unsupported claim. Core findings correct. | C6: 75% to 94% of key items found. Misses only minor items. | D6: Needs light editing (wording, a missing reference) before use.
A7: 3 | B7: 2 to 3 wrong or unsupported claims. Core findings still correct. | C7: 50% to 74% of key items found. | D7: Useful as a starting draft. The analyst must verify each point.
A8: 2 | B8: 4 to 5 wrong or unsupported claims, or any Critical error. | C8: 25% to 49% of key items found. | D8: Needs heavy rework. Structure or labelling mostly ignored.
A9: 1 | B9: 6 or more wrong or unsupported claims, or the core finding is wrong. | C9: Under 25% of key items found. | D9: Unusable or misleading. Following it would waste time or cause harm.
A11: Auto-score thresholds (used by the Scoring Sheet formulas; keep them in step with the table above)
A12: Wrong + unsupported claims (from) | B12: Accuracy score | D12: Found / key items (from) | E12: Completeness score
A13: 0 | B13: 5 | D13: 0 | E13: 1
A14: 1 | B14: 4 | D14: 0.25 | E14: 2
A15: 2 | B15: 3 | D15: 0.5 | E15: 3
A16: 4 | B16: 2 | D16: 0.75 | E16: 4
A17: 6 | B17: 1 | D17: 0.95 | E17: 5
A19: Gate and cap settings
A20: Max wrong + unsupported claims allowed for PASS | B20: 0 | D20: Hard gate. Any invented or wrong claim above this limit makes the output FAIL, regardless of its average score.
A21: Accuracy cap when a Critical error exists | B21: 2 | D21: A Critical error (see severity table) cannot score above this Accuracy value.
A24: Error severity (use the same terms in the hallucination log)
A25: Severity | B25: Definition | C25: Examples
A26: Critical | B26: Invented or wrong fact that would send the response in the wrong direction, or breaks a core evidence rule. | C26: Invented IOC, user, host or IP. Scenario stage stated as confirmed without evidence. Claims containment was performed. Benign decoy called a confirmed attack. Claims DC compromise or data loss without evidence.
A27: High | B27: Wrong fact on a material finding, but the overall picture stays correct. | C27: Wrong ATT&CK mapping on a key finding. Wrong host or user on one finding. Wrong severity or disposition (not the decoy).
A28: Medium | B28: Wrong or missing detail that does not change the conclusion. | C28: Wrong timestamp by minutes. Missing or wrong evidence reference. Wrong confidence level.
A29: Low | B29: Cosmetic or formatting error. | C29: Wrong table column order. Missing label. Non-UTC format on an otherwise correct time.

Sheet Pass-Fail Checks
A1: Pass/Fail checks (mirror of the Evaluation Record in every /ai-outputs file)
A3: Evaluation criterion | B3: Result values | C3: How to verify | D3: Counts as FAIL when
A4: Expected output format followed | B4: Pass / Fail | C4: Compare section headings and order with the selected task format (A to H) in the SOC prompt. | D4: A required section is missing, or extra text appears outside the selected format.
A5: Required findings included | B5: Pass / Fail | C5: Check against the Answer Key IDs for this task and slice. | D5: A key item marked as required in the key is missing, or the core finding is wrong.
A6: Evidence references accurate | B6: Pass / Fail | C6: Open each cited file and event ID, line number or timestamp and confirm it exists and says what the output claims. | D6: Any reference points to something that does not exist or does not support the claim.
A7: Unsupported claims identified | B7: Count | C7: Count statements with no support in the supplied evidence, including any negative control (NC-xx) in the Answer Key. | D7: Count is above the PASS limit on the Rubric tab (default 0).
A8: Scenario treated as evidence incorrectly | B8: Yes / No | C8: Check whether the output states a scenario-only stage as Confirmed. | D8: Answer is Yes.
A9: IOC extraction accuracy (Task 5 only) | B9: Value or N/A | C9: Correct IOCs found / 9, with false IOCs counted separately. Internal assets listed as IOCs are false IOCs. | D9: Any invented IOC (also a Critical error).
A10: Human reviewer decision | B10: Accept / Revise | C10: Reviewer's decision after reading the output and this sheet. | D10: Not applicable. Revise is expected on any FAIL.
A11: Reviewer and review date | B11: Name / UTC date | C11: Reviewer identity and date in ISO 8601. | D11: Missing reviewer or date.

Sheet Scoring Sheet
A1: Scoring Sheet: task x model
A2: Fill the yellow cells. Scores in black are formulas. Row 5 is a worked example (model = EXAMPLE) and is ignored by the summary.
A4: Test case ID | B4: Task | C4: Model | D4: Output file (request ID) | E4: Key items total | F4: Key items found | G4: Wrong claims | H4: Unsupported claims | I4: Critical error? (Yes/No) | J4: Completeness % | K4: Accuracy score | L4: Completeness score | M4: Usefulness score (1-5) | N4: Average score | O4: Format followed | P4: Required findings included | Q4: Evidence refs accurate | R4: Scenario treated as evidence? (Yes/No) | S4: Overall result | T4: Reviewer decision | U4: Reviewer | V4: Review date (UTC) | W4: Notes
A5: BM-T1 | B5: Log analysis | C5: EXAMPLE | D5: 20261026-example-log-analysis | E5: 6 | F5: 5 | G5: 0 | H5: 1 | I5: No | J5: =IF(OR(E5="",F5="",E5=0),"",F5/E5) -> 0.83333333 | K5: =IF(OR(G5="",H5=""),"",MIN(INDEX(Rubric!$B$13:$B$17,MATCH(G5+H5,Rubric!$A$13:$A$17,1)),IF(I5="Yes",Rubric!$B$21,5))) -> 4 | L5: =IF(J5="","",INDEX(Rubric!$E$13:$E$17,MATCH(J5,Rubric!$D$13:$D$17,1))) -> 4 | M5: 3 | N5: =IF(COUNT(K5:M5)=3,ROUND(AVERAGE(K5:M5),2),"") -> 3.67 | O5: Pass | P5: Pass | Q5: Pass | R5: No | S5: =IF(OR(E5="",F5="",G5="",H5="",O5="",P5="",Q5="",R5=""),"",IF(OR(O5="Fail",P5="Fail",Q5="Fail",R5="Yes",G5+H5>Rubric!$B$20),"FAIL","PASS")) -> FAIL | T5: Revise | U5: Mina | V5: 2026-10-26 | W5: Example only: 5 of 6 Windows items found, 1 invented IP -> accuracy 4, FAIL gate.
A6: BM-T1 | B6: Log analysis | C6: Llama 3.1 8B | J6: =IF(OR(E6="",F6="",E6=0),"",F6/E6) | K6: =IF(OR(G6="",H6=""),"",MIN(INDEX(Rubric!$B$13:$B$17,MATCH(G6+H6,Rubric!$A$13:$A$17,1)),IF(I6="Yes",Rubric!$B$21,5))) | L6: =IF(J6="","",INDEX(Rubric!$E$13:$E$17,MATCH(J6,Rubric!$D$13:$D$17,1))) | N6: =IF(COUNT(K6:M6)=3,ROUND(AVERAGE(K6:M6),2),"") | S6: =IF(OR(E6="",F6="",G6="",H6="",O6="",P6="",Q6="",R6=""),"",IF(OR(O6="Fail",P6="Fail",Q6="Fail",R6="Yes",G6+H6>Rubric!$B$20),"FAIL","PASS"))
A7: BM-T1 | B7: Log analysis | C7: Mistral 7B | J7: =IF(OR(E7="",F7="",E7=0),"",F7/E7) | K7: =IF(OR(G7="",H7=""),"",MIN(INDEX(Rubric!$B$13:$B$17,MATCH(G7+H7,Rubric!$A$13:$A$17,1)),IF(I7="Yes",Rubric!$B$21,5))) | L7: =IF(J7="","",INDEX(Rubric!$E$13:$E$17,MATCH(J7,Rubric!$D$13:$D$17,1))) | N7: =IF(COUNT(K7:M7)=3,ROUND(AVERAGE(K7:M7),2),"") | S7: =IF(OR(E7="",F7="",G7="",H7="",O7="",P7="",Q7="",R7=""),"",IF(OR(O7="Fail",P7="Fail",Q7="Fail",R7="Yes",G7+H7>Rubric!$B$20),"FAIL","PASS"))
A8: BM-T1 | B8: Log analysis | C8: Phi-3 Mini | J8: =IF(OR(E8="",F8="",E8=0),"",F8/E8) | K8: =IF(OR(G8="",H8=""),"",MIN(INDEX(Rubric!$B$13:$B$17,MATCH(G8+H8,Rubric!$A$13:$A$17,1)),IF(I8="Yes",Rubric!$B$21,5))) | L8: =IF(J8="","",INDEX(Rubric!$E$13:$E$17,MATCH(J8,Rubric!$D$13:$D$17,1))) | N8: =IF(COUNT(K8:M8)=3,ROUND(AVERAGE(K8:M8),2),"") | S8: =IF(OR(E8="",F8="",G8="",H8="",O8="",P8="",Q8="",R8=""),"",IF(OR(O8="Fail",P8="Fail",Q8="Fail",R8="Yes",G8+H8>Rubric!$B$20),"FAIL","PASS"))
A9: BM-T2 | B9: Alert triage | C9: Llama 3.1 8B | J9: =IF(OR(E9="",F9="",E9=0),"",F9/E9) | K9: =IF(OR(G9="",H9=""),"",MIN(INDEX(Rubric!$B$13:$B$17,MATCH(G9+H9,Rubric!$A$13:$A$17,1)),IF(I9="Yes",Rubric!$B$21,5))) | L9: =IF(J9="","",INDEX(Rubric!$E$13:$E$17,MATCH(J9,Rubric!$D$13:$D$17,1))) | N9: =IF(COUNT(K9:M9)=3,ROUND(AVERAGE(K9:M9),2),"") | S9: =IF(OR(E9="",F9="",G9="",H9="",O9="",P9="",Q9="",R9=""),"",IF(OR(O9="Fail",P9="Fail",Q9="Fail",R9="Yes",G9+H9>Rubric!$B$20),"FAIL","PASS"))
A10: BM-T2 | B10: Alert triage | C10: Mistral 7B | J10: =IF(OR(E10="",F10="",E10=0),"",F10/E10) | K10: =IF(OR(G10="",H10=""),"",MIN(INDEX(Rubric!$B$13:$B$17,MATCH(G10+H10,Rubric!$A$13:$A$17,1)),IF(I10="Yes",Rubric!$B$21,5))) | L10: =IF(J10="","",INDEX(Rubric!$E$13:$E$17,MATCH(J10,Rubric!$D$13:$D$17,1))) | N10: =IF(COUNT(K10:M10)=3,ROUND(AVERAGE(K10:M10),2),"") | S10: =IF(OR(E10="",F10="",G10="",H10="",O10="",P10="",Q10="",R10=""),"",IF(OR(O10="Fail",P10="Fail",Q10="Fail",R10="Yes",G10+H10>Rubric!$B$20),"FAIL","PASS"))
A11: BM-T2 | B11: Alert triage | C11: Phi-3 Mini | J11: =IF(OR(E11="",F11="",E11=0),"",F11/E11) | K11: =IF(OR(G11="",H11=""),"",MIN(INDEX(Rubric!$B$13:$B$17,MATCH(G11+H11,Rubric!$A$13:$A$17,1)),IF(I11="Yes",Rubric!$B$21,5))) | L11: =IF(J11="","",INDEX(Rubric!$E$13:$E$17,MATCH(J11,Rubric!$D$13:$D$17,1))) | N11: =IF(COUNT(K11:M11)=3,ROUND(AVERAGE(K11:M11),2),"") | S11: =IF(OR(E11="",F11="",G11="",H11="",O11="",P11="",Q11="",R11=""),"",IF(OR(O11="Fail",P11="Fail",Q11="Fail",R11="Yes",G11+H11>Rubric!$B$20),"FAIL","PASS"))
A12: BM-T3 | B12: Threat summarization | C12: Llama 3.1 8B | J12: =IF(OR(E12="",F12="",E12=0),"",F12/E12) | K12: =IF(OR(G12="",H12=""),"",MIN(INDEX(Rubric!$B$13:$B$17,MATCH(G12+H12,Rubric!$A$13:$A$17,1)),IF(I12="Yes",Rubric!$B$21,5))) | L12: =IF(J12="","",INDEX(Rubric!$E$13:$E$17,MATCH(J12,Rubric!$D$13:$D$17,1))) | N12: =IF(COUNT(K12:M12)=3,ROUND(AVERAGE(K12:M12),2),"") | S12: =IF(OR(E12="",F12="",G12="",H12="",O12="",P12="",Q12="",R12=""),"",IF(OR(O12="Fail",P12="Fail",Q12="Fail",R12="Yes",G12+H12>Rubric!$B$20),"FAIL","PASS"))
A13: BM-T3 | B13: Threat summarization | C13: Mistral 7B | J13: =IF(OR(E13="",F13="",E13=0),"",F13/E13) | K13: =IF(OR(G13="",H13=""),"",MIN(INDEX(Rubric!$B$13:$B$17,MATCH(G13+H13,Rubric!$A$13:$A$17,1)),IF(I13="Yes",Rubric!$B$21,5))) | L13: =IF(J13="","",INDEX(Rubric!$E$13:$E$17,MATCH(J13,Rubric!$D$13:$D$17,1))) | N13: =IF(COUNT(K13:M13)=3,ROUND(AVERAGE(K13:M13),2),"") | S13: =IF(OR(E13="",F13="",G13="",H13="",O13="",P13="",Q13="",R13=""),"",IF(OR(O13="Fail",P13="Fail",Q13="Fail",R13="Yes",G13+H13>Rubric!$B$20),"FAIL","PASS"))
A14: BM-T3 | B14: Threat summarization | C14: Phi-3 Mini | J14: =IF(OR(E14="",F14="",E14=0),"",F14/E14) | K14: =IF(OR(G14="",H14=""),"",MIN(INDEX(Rubric!$B$13:$B$17,MATCH(G14+H14,Rubric!$A$13:$A$17,1)),IF(I14="Yes",Rubric!$B$21,5))) | L14: =IF(J14="","",INDEX(Rubric!$E$13:$E$17,MATCH(J14,Rubric!$D$13:$D$17,1))) | N14: =IF(COUNT(K14:M14)=3,ROUND(AVERAGE(K14:M14),2),"") | S14: =IF(OR(E14="",F14="",G14="",H14="",O14="",P14="",Q14="",R14=""),"",IF(OR(O14="Fail",P14="Fail",Q14="Fail",R14="Yes",G14+H14>Rubric!$B$20),"FAIL","PASS"))
A15: BM-T4 | B15: Report writing | C15: Llama 3.1 8B | J15: =IF(OR(E15="",F15="",E15=0),"",F15/E15) | K15: =IF(OR(G15="",H15=""),"",MIN(INDEX(Rubric!$B$13:$B$17,MATCH(G15+H15,Rubric!$A$13:$A$17,1)),IF(I15="Yes",Rubric!$B$21,5))) | L15: =IF(J15="","",INDEX(Rubric!$E$13:$E$17,MATCH(J15,Rubric!$D$13:$D$17,1))) | N15: =IF(COUNT(K15:M15)=3,ROUND(AVERAGE(K15:M15),2),"") | S15: =IF(OR(E15="",F15="",G15="",H15="",O15="",P15="",Q15="",R15=""),"",IF(OR(O15="Fail",P15="Fail",Q15="Fail",R15="Yes",G15+H15>Rubric!$B$20),"FAIL","PASS"))
A16: BM-T4 | B16: Report writing | C16: Mistral 7B | J16: =IF(OR(E16="",F16="",E16=0),"",F16/E16) | K16: =IF(OR(G16="",H16=""),"",MIN(INDEX(Rubric!$B$13:$B$17,MATCH(G16+H16,Rubric!$A$13:$A$17,1)),IF(I16="Yes",Rubric!$B$21,5))) | L16: =IF(J16="","",INDEX(Rubric!$E$13:$E$17,MATCH(J16,Rubric!$D$13:$D$17,1))) | N16: =IF(COUNT(K16:M16)=3,ROUND(AVERAGE(K16:M16),2),"") | S16: =IF(OR(E16="",F16="",G16="",H16="",O16="",P16="",Q16="",R16=""),"",IF(OR(O16="Fail",P16="Fail",Q16="Fail",R16="Yes",G16+H16>Rubric!$B$20),"FAIL","PASS"))
A17: BM-T4 | B17: Report writing | C17: Phi-3 Mini | J17: =IF(OR(E17="",F17="",E17=0),"",F17/E17) | K17: =IF(OR(G17="",H17=""),"",MIN(INDEX(Rubric!$B$13:$B$17,MATCH(G17+H17,Rubric!$A$13:$A$17,1)),IF(I17="Yes",Rubric!$B$21,5))) | L17: =IF(J17="","",INDEX(Rubric!$E$13:$E$17,MATCH(J17,Rubric!$D$13:$D$17,1))) | N17: =IF(COUNT(K17:M17)=3,ROUND(AVERAGE(K17:M17),2),"") | S17: =IF(OR(E17="",F17="",G17="",H17="",O17="",P17="",Q17="",R17=""),"",IF(OR(O17="Fail",P17="Fail",Q17="Fail",R17="Yes",G17+H17>Rubric!$B$20),"FAIL","PASS"))
... A20: BM-T5 | B20: IOC extraction | C20: Phi-3 Mini | J20: =IF(OR(E20="",F20="",E20=0),"",F20/E20) | K20: =IF(OR(G20="",H20=""),"",MIN(INDEX(Rubric!$B$13:$B$17,MATCH(G20+H20,Rubric!$A$13:$A$17,1)),IF(I20="Yes",Rubric!$B$21,5))) | L20: =IF(J20="","",INDEX(Rubric!$E$13:$E$17,MATCH(J20,Rubric!$D$13:$D$17,1))) | N20: =IF(COUNT(K20:M20)=3,ROUND(AVERAGE(K20:M20),2),"") | S20: =IF(OR(E20="",F20="",G20="",H20="",O20="",P20="",Q20="",R20=""),"",IF(OR(O20="Fail",P20="Fail",Q20="Fail",R20="Yes",G20+H20>Rubric!$B$20),"FAIL","PASS"))
A22: Notes: Key items total comes from the Answer Key (Task 1 per slice: W 6, L 6, N 2; Task 2: 4; Task 3: 10; Task 4: 9; Task 5: 9). Task 1 can be scored per slice by adding rows.
A23: Accuracy = lookup on (wrong + unsupported claims), capped when a Critical error exists. Completeness = lookup on found / total. Overall = FAIL if any check is Fail, scenario misuse = Yes, or claims exceed the PASS limit (Rubric!B20).

Sheet Model Summary
A1: Model Summary (calculated from the Scoring Sheet)
A2: No input needed on this tab. Blank until scored rows exist.
A4: Model | B4: Avg Accuracy | C4: Avg Completeness | D4: Avg Usefulness | E4: Avg overall score | F4: PASS count | G4: FAIL count | H4: Total wrong claims | I4: Total unsupported claims | J4: Outputs scored
A5: Llama 3.1 8B | B5: =IFERROR(AVERAGEIFS('Scoring Sheet'!$K$6:$K$20,'Scoring Sheet'!$C$6:$C$20,$A5),"") | C5: =IFERROR(AVERAGEIFS('Scoring Sheet'!$L$6:$L$20,'Scoring Sheet'!$C$6:$C$20,$A5),"") | D5: =IFERROR(AVERAGEIFS('Scoring Sheet'!$M$6:$M$20,'Scoring Sheet'!$C$6:$C$20,$A5),"") | E5: =IFERROR(AVERAGEIFS('Scoring Sheet'!$N$6:$N$20,'Scoring Sheet'!$C$6:$C$20,$A5),"") | F5: =COUNTIFS('Scoring Sheet'!$C$6:$C$20,$A5,'Scoring Sheet'!$S$6:$S$20,"PASS") -> 0 | G5: =COUNTIFS('Scoring Sheet'!$C$6:$C$20,$A5,'Scoring Sheet'!$S$6:$S$20,"FAIL") -> 0 | H5: =SUMIFS('Scoring Sheet'!$G$6:$G$20,'Scoring Sheet'!$C$6:$C$20,$A5) -> 0 | I5: =SUMIFS('Scoring Sheet'!$H$6:$H$20,'Scoring Sheet'!$C$6:$C$20,$A5) -> 0 | J5: =F5+G5 -> 0
A6: Mistral 7B | B6: =IFERROR(AVERAGEIFS('Scoring Sheet'!$K$6:$K$20,'Scoring Sheet'!$C$6:$C$20,$A6),"") | C6: =IFERROR(AVERAGEIFS('Scoring Sheet'!$L$6:$L$20,'Scoring Sheet'!$C$6:$C$20,$A6),"") | D6: =IFERROR(AVERAGEIFS('Scoring Sheet'!$M$6:$M$20,'Scoring Sheet'!$C$6:$C$20,$A6),"") | E6: =IFERROR(AVERAGEIFS('Scoring Sheet'!$N$6:$N$20,'Scoring Sheet'!$C$6:$C$20,$A6),"") | F6: =COUNTIFS('Scoring Sheet'!$C$6:$C$20,$A6,'Scoring Sheet'!$S$6:$S$20,"PASS") -> 0 | G6: =COUNTIFS('Scoring Sheet'!$C$6:$C$20,$A6,'Scoring Sheet'!$S$6:$S$20,"FAIL") -> 0 | H6: =SUMIFS('Scoring Sheet'!$G$6:$G$20,'Scoring Sheet'!$C$6:$C$20,$A6) -> 0 | I6: =SUMIFS('Scoring Sheet'!$H$6:$H$20,'Scoring Sheet'!$C$6:$C$20,$A6) -> 0 | J6: =F6+G6 -> 0
A7: Phi-3 Mini | B7: =IFERROR(AVERAGEIFS('Scoring Sheet'!$K$6:$K$20,'Scoring Sheet'!$C$6:$C$20,$A7),"") | C7: =IFERROR(AVERAGEIFS('Scoring Sheet'!$L$6:$L$20,'Scoring Sheet'!$C$6:$C$20,$A7),"") | D7: =IFERROR(AVERAGEIFS('Scoring Sheet'!$M$6:$M$20,'Scoring Sheet'!$C$6:$C$20,$A7),"") | E7: =IFERROR(AVERAGEIFS('Scoring Sheet'!$N$6:$N$20,'Scoring Sheet'!$C$6:$C$20,$A7),"") | F7: =COUNTIFS('Scoring Sheet'!$C$6:$C$20,$A7,'Scoring Sheet'!$S$6:$S$20,"PASS") -> 0 | G7: =COUNTIFS('Scoring Sheet'!$C$6:$C$20,$A7,'Scoring Sheet'!$S$6:$S$20,"FAIL") -> 0 | H7: =SUMIFS('Scoring Sheet'!$G$6:$G$20,'Scoring Sheet'!$C$6:$C$20,$A7) -> 0 | I7: =SUMIFS('Scoring Sheet'!$H$6:$H$20,'Scoring Sheet'!$C$6:$C$20,$A7) -> 0 | J7: =F7+G7 -> 0
A10: Average overall score by task and model
A11: Task | B11: Llama 3.1 8B | C11: Mistral 7B | D11: Phi-3 Mini
A12: Log analysis | B12: =IFERROR(AVERAGEIFS('Scoring Sheet'!$N$6:$N$20,'Scoring Sheet'!$B$6:$B$20,$A12,'Scoring Sheet'!$C$6:$C$20,B$11),"") | C12: =IFERROR(AVERAGEIFS('Scoring Sheet'!$N$6:$N$20,'Scoring Sheet'!$B$6:$B$20,$A12,'Scoring Sheet'!$C$6:$C$20,C$11),"") | D12: =IFERROR(AVERAGEIFS('Scoring Sheet'!$N$6:$N$20,'Scoring Sheet'!$B$6:$B$20,$A12,'Scoring Sheet'!$C$6:$C$20,D$11),"")
A13: Alert triage | B13: =IFERROR(AVERAGEIFS('Scoring Sheet'!$N$6:$N$20,'Scoring Sheet'!$B$6:$B$20,$A13,'Scoring Sheet'!$C$6:$C$20,B$11),"") | C13: =IFERROR(AVERAGEIFS('Scoring Sheet'!$N$6:$N$20,'Scoring Sheet'!$B$6:$B$20,$A13,'Scoring Sheet'!$C$6:$C$20,C$11),"") | D13: =IFERROR(AVERAGEIFS('Scoring Sheet'!$N$6:$N$20,'Scoring Sheet'!$B$6:$B$20,$A13,'Scoring Sheet'!$C$6:$C$20,D$11),"")
A14: Threat summarization | B14: =IFERROR(AVERAGEIFS('Scoring Sheet'!$N$6:$N$20,'Scoring Sheet'!$B$6:$B$20,$A14,'Scoring Sheet'!$C$6:$C$20,B$11),"") | C14: =IFERROR(AVERAGEIFS('Scoring Sheet'!$N$6:$N$20,'Scoring Sheet'!$B$6:$B$20,$A14,'Scoring Sheet'!$C$6:$C$20,C$11),"") | D14: =IFERROR(AVERAGEIFS('Scoring Sheet'!$N$6:$N$20,'Scoring Sheet'!$B$6:$B$20,$A14,'Scoring Sheet'!$C$6:$C$20,D$11),"")
A15: Report writing | B15: =IFERROR(AVERAGEIFS('Scoring Sheet'!$N$6:$N$20,'Scoring Sheet'!$B$6:$B$20,$A15,'Scoring Sheet'!$C$6:$C$20,B$11),"") | C15: =IFERROR(AVERAGEIFS('Scoring Sheet'!$N$6:$N$20,'Scoring Sheet'!$B$6:$B$20,$A15,'Scoring Sheet'!$C$6:$C$20,C$11),"") | D15: =IFERROR(AVERAGEIFS('Scoring Sheet'!$N$6:$N$20,'Scoring Sheet'!$B$6:$B$20,$A15,'Scoring Sheet'!$C$6:$C$20,D$11),"")
A16: IOC extraction | B16: =IFERROR(AVERAGEIFS('Scoring Sheet'!$N$6:$N$20,'Scoring Sheet'!$B$6:$B$20,$A16,'Scoring Sheet'!$C$6:$C$20,B$11),"") | C16: =IFERROR(AVERAGEIFS('Scoring Sheet'!$N$6:$N$20,'Scoring Sheet'!$B$6:$B$20,$A16,'Scoring Sheet'!$C$6:$C$20,C$11),"") | D16: =IFERROR(AVERAGEIFS('Scoring Sheet'!$N$6:$N$20,'Scoring Sheet'!$B$6:$B$20,$A16,'Scoring Sheet'!$C$6:$C$20,D$11),"")
A18: Models are matched by exact name. Scores of the EXAMPLE row are excluded.
