Workbook

Sheet README
A1: IR Capstone - Hallucination / Validation Log (Week 1 starter)
A2: Owner: Mina (Validation and Evidence Lead). Version v1. Times in UTC, ISO 8601.
A4: HOW TO USE
A5: 1. Each member logs errors in their OWN tab (Mahmoud, Adam, Nader, Mina, Nada). Add rows below the header; never edit the header.
A6: 2. Yellow-shaded dropdown cells (columns C, D, E, G) must be chosen from the list, so the Summary can count them.
A7: 3. Log every error as soon as you see it, not at the end of the week.
A8: 4. The 'Lists' tab holds the allowed values. Change a list only with team agreement and record it in the Decisions Log.
A9: 5. The 'Summary' tab updates automatically from all five tabs. 'Input Registry' holds the test inputs and their SHA-256 hashes.
A11: COLUMNS
A12: A-E (dark blue) = the five columns agreed in the kickoff checklist: AI claim, Source log line, Correct or wrong, Error type, Severity.
A13: F-I (brown) = PROPOSED extra columns (Request ID, Model, Reviewer, Reviewed UTC). They need team approval at Day 0; delete them if rejected (the Summary by-model table needs column G).
A15: EXAMPLE ROW (illustration only - not counted anywhere)
A16: AI claim | B16: Source log line | C16: Correct or wrong | D16: Error type | E16: Severity | F16: Request ID | G16: Model | H16: Reviewer | I16: Reviewed (UTC)
A17: The attacker exfiltrated data to 203.0.113.88 | B17: none (not in input T1) | C17: Wrong | D17: Scenario as evidence | E17: High | F17: 20261103-t1-log-analysis-llama | G17: Llama 3.1 8B | H17: Mina | I17: 2026-11-03T14:20:00Z

Sheet Mina
A1: AI claim | B1: Source log line | C1: Correct or wrong | D1: Error type | E1: Severity | F1: Request ID | G1: Model | H1: Reviewer | I1: Reviewed (UTC)

Sheet Mahmoud
A1: AI claim | B1: Source log line | C1: Correct or wrong | D1: Error type | E1: Severity | F1: Request ID | G1: Model | H1: Reviewer | I1: Reviewed (UTC)

Sheet Adam
A1: AI claim | B1: Source log line | C1: Correct or wrong | D1: Error type | E1: Severity | F1: Request ID | G1: Model | H1: Reviewer | I1: Reviewed (UTC)

Sheet Nader
A1: AI claim | B1: Source log line | C1: Correct or wrong | D1: Error type | E1: Severity | F1: Request ID | G1: Model | H1: Reviewer | I1: Reviewed (UTC)

Sheet Nada
A1: AI claim | B1: Source log line | C1: Correct or wrong | D1: Error type | E1: Severity | F1: Request ID | G1: Model | H1: Reviewer | I1: Reviewed (UTC)

Sheet Lists
A1: Correct or wrong | B1: Error type | C1: Severity | D1: Model | E1: Error type meaning | F1: Severity meaning
A2: Correct | B2: Invented fact | C2: Low | D2: Llama 3.1 8B | E2: Invents an IP, user, host, time or IOC not in the input | F2: Does not change the conclusion
A3: Wrong | B3: Scenario as evidence | C3: Medium | D3: Mistral 7B | E3: States a scenario stage happened without evidence in the input | F3: Changes part of the conclusion
B4: Wrong meaning | C4: High | D4: Phi-3 mini | E4: Wrong meaning for an Event ID or field | F4: Flips the verdict or drives a wrong action
B5: Overstated conclusion | E5: Conclusion stronger than the evidence supports
B6: Bad reference | E6: Evidence reference is wrong or does not exist
B7: Action claimed | E7: Claims an action was done that is not recorded
B8: Wrong ATT&CK mapping | E8: ATT&CK mapping not supported by observed behavior
B9: Omission | E9: Misses an important finding (not a hallucination, still an error)

Sheet Input Registry
A1: Test-case ID | B1: Task | C1: Output format | D1: Input file | E1: SHA-256 | F1: Source type | G1: Answer key | H1: Status
A2: T1 | B2: Log analysis | C2: A | D2: W1_mina_t1-log-analysis_input_v1.log | E2: 87105855c68ffc45a12022a8f16a670ca1915757ebe24bb7684de7730c0ff2ae | F2: Synthetic (NileTech scenario) | G2: AK-T1 v1 | H2: Placeholder input - replace with team's real T1 input
A3: T2 | B3: Alert triage | C3: B | D3: W1_mina_t2-alert-triage_input_v1.txt | E3: 674242da594b975750ebcc9167a655aa45adb60331c6656960575793fca4699b | F3: Synthetic (NileTech scenario) | G3: AK-T2 v1 | H3: Placeholder input - replace with team's real T2 input
A4: T3 | B4: Threat summarization | C4: C | D4: (pending) | E4: (pending) | F4: (pending) | G4: (pending) | H4: Waiting for input / Day 2
A5: T4 | B5: Report writing | C5: D | D5: (pending) | E5: (pending) | F5: (pending) | G5: (pending) | H5: Waiting for input / Day 2
A6: T5 | B6: IOC extraction | C6: E | D6: W1_mina_t5-ioc-extraction_input_v1.log | E6: 32a2ee52b14abb9058802857bcb512b2bb34c8de870d0f3784648d8d6ca634ad | F6: Synthetic (NileTech scenario) | G6: AK-T5 v1 | H6: Placeholder input - replace with team's real T5 input
A8: Hashes were computed with sha256sum on the exact files delivered. Re-saving a file (even just opening and saving it) can change line endings and break the hash. Do not edit input files; if one changes, issue a new version and a new key.

Sheet Summary
A1: Summary (auto-calculated from the five member tabs, rows 2-500)
A3: Entries by error type and model (Wrong entries only)
A4: Error type | B4: Llama 3.1 8B | C4: Mistral 7B | D4: Phi-3 mini | E4: Total (all models)
A5: =Lists!B2 -> Invented fact | B5: =COUNTIFS(Mahmoud!$D$2:$D$500,$A5,Mahmoud!$G$2:$G$500,B$4,Mahmoud!$C$2:$C$500,"Wrong")+COUNTIFS(Adam!$D$2:$D$500,$A5,Adam!$G$2:$G$500,B$4,Adam!$C$2:$C$500,"Wrong")+COUNTIFS(Nader!$D$2:$D$500,$A5,Nader!$G$2:$G$500,B$4,Nader!$C$2:$C$500,"Wrong")+COUNTIFS(Mina!$D$2:$D$500,$A5,Mina!$G$2:$G$500,B$4,Mina!$C$2:$C$500,"Wrong")+COUNTIFS(Nada!$D$2:$D$500,$A5,Nada!$G$2:$G$500,B$4,Nada!$C$2:$C$500,"Wrong") -> 0 | C5: =COUNTIFS(Mahmoud!$D$2:$D$500,$A5,Mahmoud!$G$2:$G$500,C$4,Mahmoud!$C$2:$C$500,"Wrong")+COUNTIFS(Adam!$D$2:$D$500,$A5,Adam!$G$2:$G$500,C$4,Adam!$C$2:$C$500,"Wrong")+COUNTIFS(Nader!$D$2:$D$500,$A5,Nader!$G$2:$G$500,C$4,Nader!$C$2:$C$500,"Wrong")+COUNTIFS(Mina!$D$2:$D$500,$A5,Mina!$G$2:$G$500,C$4,Mina!$C$2:$C$500,"Wrong")+COUNTIFS(Nada!$D$2:$D$500,$A5,Nada!$G$2:$G$500,C$4,Nada!$C$2:$C$500,"Wrong") -> 0 | D5: =COUNTIFS(Mahmoud!$D$2:$D$500,$A5,Mahmoud!$G$2:$G$500,D$4,Mahmoud!$C$2:$C$500,"Wrong")+COUNTIFS(Adam!$D$2:$D$500,$A5,Adam!$G$2:$G$500,D$4,Adam!$C$2:$C$500,"Wrong")+COUNTIFS(Nader!$D$2:$D$500,$A5,Nader!$G$2:$G$500,D$4,Nader!$C$2:$C$500,"Wrong")+COUNTIFS(Mina!$D$2:$D$500,$A5,Mina!$G$2:$G$500,D$4,Mina!$C$2:$C$500,"Wrong")+COUNTIFS(Nada!$D$2:$D$500,$A5,Nada!$G$2:$G$500,D$4,Nada!$C$2:$C$500,"Wrong") -> 0 | E5: =COUNTIFS(Mahmoud!$D$2:$D$500,$A5,Mahmoud!$C$2:$C$500,"Wrong")+COUNTIFS(Adam!$D$2:$D$500,$A5,Adam!$C$2:$C$500,"Wrong")+COUNTIFS(Nader!$D$2:$D$500,$A5,Nader!$C$2:$C$500,"Wrong")+COUNTIFS(Mina!$D$2:$D$500,$A5,Mina!$C$2:$C$500,"Wrong")+COUNTIFS(Nada!$D$2:$D$500,$A5,Nada!$C$2:$C$500,"Wrong") -> 0
A6: =Lists!B3 -> Scenario as evidence | B6: =COUNTIFS(Mahmoud!$D$2:$D$500,$A6,Mahmoud!$G$2:$G$500,B$4,Mahmoud!$C$2:$C$500,"Wrong")+COUNTIFS(Adam!$D$2:$D$500,$A6,Adam!$G$2:$G$500,B$4,Adam!$C$2:$C$500,"Wrong")+COUNTIFS(Nader!$D$2:$D$500,$A6,Nader!$G$2:$G$500,B$4,Nader!$C$2:$C$500,"Wrong")+COUNTIFS(Mina!$D$2:$D$500,$A6,Mina!$G$2:$G$500,B$4,Mina!$C$2:$C$500,"Wrong")+COUNTIFS(Nada!$D$2:$D$500,$A6,Nada!$G$2:$G$500,B$4,Nada!$C$2:$C$500,"Wrong") -> 0 | C6: =COUNTIFS(Mahmoud!$D$2:$D$500,$A6,Mahmoud!$G$2:$G$500,C$4,Mahmoud!$C$2:$C$500,"Wrong")+COUNTIFS(Adam!$D$2:$D$500,$A6,Adam!$G$2:$G$500,C$4,Adam!$C$2:$C$500,"Wrong")+COUNTIFS(Nader!$D$2:$D$500,$A6,Nader!$G$2:$G$500,C$4,Nader!$C$2:$C$500,"Wrong")+COUNTIFS(Mina!$D$2:$D$500,$A6,Mina!$G$2:$G$500,C$4,Mina!$C$2:$C$500,"Wrong")+COUNTIFS(Nada!$D$2:$D$500,$A6,Nada!$G$2:$G$500,C$4,Nada!$C$2:$C$500,"Wrong") -> 0 | D6: =COUNTIFS(Mahmoud!$D$2:$D$500,$A6,Mahmoud!$G$2:$G$500,D$4,Mahmoud!$C$2:$C$500,"Wrong")+COUNTIFS(Adam!$D$2:$D$500,$A6,Adam!$G$2:$G$500,D$4,Adam!$C$2:$C$500,"Wrong")+COUNTIFS(Nader!$D$2:$D$500,$A6,Nader!$G$2:$G$500,D$4,Nader!$C$2:$C$500,"Wrong")+COUNTIFS(Mina!$D$2:$D$500,$A6,Mina!$G$2:$G$500,D$4,Mina!$C$2:$C$500,"Wrong")+COUNTIFS(Nada!$D$2:$D$500,$A6,Nada!$G$2:$G$500,D$4,Nada!$C$2:$C$500,"Wrong") -> 0 | E6: =COUNTIFS(Mahmoud!$D$2:$D$500,$A6,Mahmoud!$C$2:$C$500,"Wrong")+COUNTIFS(Adam!$D$2:$D$500,$A6,Adam!$C$2:$C$500,"Wrong")+COUNTIFS(Nader!$D$2:$D$500,$A6,Nader!$C$2:$C$500,"Wrong")+COUNTIFS(Mina!$D$2:$D$500,$A6,Mina!$C$2:$C$500,"Wrong")+COUNTIFS(Nada!$D$2:$D$500,$A6,Nada!$C$2:$C$500,"Wrong") -> 0
A7: =Lists!B4 -> Wrong meaning | B7: =COUNTIFS(Mahmoud!$D$2:$D$500,$A7,Mahmoud!$G$2:$G$500,B$4,Mahmoud!$C$2:$C$500,"Wrong")+COUNTIFS(Adam!$D$2:$D$500,$A7,Adam!$G$2:$G$500,B$4,Adam!$C$2:$C$500,"Wrong")+COUNTIFS(Nader!$D$2:$D$500,$A7,Nader!$G$2:$G$500,B$4,Nader!$C$2:$C$500,"Wrong")+COUNTIFS(Mina!$D$2:$D$500,$A7,Mina!$G$2:$G$500,B$4,Mina!$C$2:$C$500,"Wrong")+COUNTIFS(Nada!$D$2:$D$500,$A7,Nada!$G$2:$G$500,B$4,Nada!$C$2:$C$500,"Wrong") -> 0 | C7: =COUNTIFS(Mahmoud!$D$2:$D$500,$A7,Mahmoud!$G$2:$G$500,C$4,Mahmoud!$C$2:$C$500,"Wrong")+COUNTIFS(Adam!$D$2:$D$500,$A7,Adam!$G$2:$G$500,C$4,Adam!$C$2:$C$500,"Wrong")+COUNTIFS(Nader!$D$2:$D$500,$A7,Nader!$G$2:$G$500,C$4,Nader!$C$2:$C$500,"Wrong")+COUNTIFS(Mina!$D$2:$D$500,$A7,Mina!$G$2:$G$500,C$4,Mina!$C$2:$C$500,"Wrong")+COUNTIFS(Nada!$D$2:$D$500,$A7,Nada!$G$2:$G$500,C$4,Nada!$C$2:$C$500,"Wrong") -> 0 | D7: =COUNTIFS(Mahmoud!$D$2:$D$500,$A7,Mahmoud!$G$2:$G$500,D$4,Mahmoud!$C$2:$C$500,"Wrong")+COUNTIFS(Adam!$D$2:$D$500,$A7,Adam!$G$2:$G$500,D$4,Adam!$C$2:$C$500,"Wrong")+COUNTIFS(Nader!$D$2:$D$500,$A7,Nader!$G$2:$G$500,D$4,Nader!$C$2:$C$500,"Wrong")+COUNTIFS(Mina!$D$2:$D$500,$A7,Mina!$G$2:$G$500,D$4,Mina!$C$2:$C$500,"Wrong")+COUNTIFS(Nada!$D$2:$D$500,$A7,Nada!$G$2:$G$500,D$4,Nada!$C$2:$C$500,"Wrong") -> 0 | E7: =COUNTIFS(Mahmoud!$D$2:$D$500,$A7,Mahmoud!$C$2:$C$500,"Wrong")+COUNTIFS(Adam!$D$2:$D$500,$A7,Adam!$C$2:$C$500,"Wrong")+COUNTIFS(Nader!$D$2:$D$500,$A7,Nader!$C$2:$C$500,"Wrong")+COUNTIFS(Mina!$D$2:$D$500,$A7,Mina!$C$2:$C$500,"Wrong")+COUNTIFS(Nada!$D$2:$D$500,$A7,Nada!$C$2:$C$500,"Wrong") -> 0
A8: =Lists!B5 -> Overstated conclusion | B8: =COUNTIFS(Mahmoud!$D$2:$D$500,$A8,Mahmoud!$G$2:$G$500,B$4,Mahmoud!$C$2:$C$500,"Wrong")+COUNTIFS(Adam!$D$2:$D$500,$A8,Adam!$G$2:$G$500,B$4,Adam!$C$2:$C$500,"Wrong")+COUNTIFS(Nader!$D$2:$D$500,$A8,Nader!$G$2:$G$500,B$4,Nader!$C$2:$C$500,"Wrong")+COUNTIFS(Mina!$D$2:$D$500,$A8,Mina!$G$2:$G$500,B$4,Mina!$C$2:$C$500,"Wrong")+COUNTIFS(Nada!$D$2:$D$500,$A8,Nada!$G$2:$G$500,B$4,Nada!$C$2:$C$500,"Wrong") -> 0 | C8: =COUNTIFS(Mahmoud!$D$2:$D$500,$A8,Mahmoud!$G$2:$G$500,C$4,Mahmoud!$C$2:$C$500,"Wrong")+COUNTIFS(Adam!$D$2:$D$500,$A8,Adam!$G$2:$G$500,C$4,Adam!$C$2:$C$500,"Wrong")+COUNTIFS(Nader!$D$2:$D$500,$A8,Nader!$G$2:$G$500,C$4,Nader!$C$2:$C$500,"Wrong")+COUNTIFS(Mina!$D$2:$D$500,$A8,Mina!$G$2:$G$500,C$4,Mina!$C$2:$C$500,"Wrong")+COUNTIFS(Nada!$D$2:$D$500,$A8,Nada!$G$2:$G$500,C$4,Nada!$C$2:$C$500,"Wrong") -> 0 | D8: =COUNTIFS(Mahmoud!$D$2:$D$500,$A8,Mahmoud!$G$2:$G$500,D$4,Mahmoud!$C$2:$C$500,"Wrong")+COUNTIFS(Adam!$D$2:$D$500,$A8,Adam!$G$2:$G$500,D$4,Adam!$C$2:$C$500,"Wrong")+COUNTIFS(Nader!$D$2:$D$500,$A8,Nader!$G$2:$G$500,D$4,Nader!$C$2:$C$500,"Wrong")+COUNTIFS(Mina!$D$2:$D$500,$A8,Mina!$G$2:$G$500,D$4,Mina!$C$2:$C$500,"Wrong")+COUNTIFS(Nada!$D$2:$D$500,$A8,Nada!$G$2:$G$500,D$4,Nada!$C$2:$C$500,"Wrong") -> 0 | E8: =COUNTIFS(Mahmoud!$D$2:$D$500,$A8,Mahmoud!$C$2:$C$500,"Wrong")+COUNTIFS(Adam!$D$2:$D$500,$A8,Adam!$C$2:$C$500,"Wrong")+COUNTIFS(Nader!$D$2:$D$500,$A8,Nader!$C$2:$C$500,"Wrong")+COUNTIFS(Mina!$D$2:$D$500,$A8,Mina!$C$2:$C$500,"Wrong")+COUNTIFS(Nada!$D$2:$D$500,$A8,Nada!$C$2:$C$500,"Wrong") -> 0
A9: =Lists!B6 -> Bad reference | B9: =COUNTIFS(Mahmoud!$D$2:$D$500,$A9,Mahmoud!$G$2:$G$500,B$4,Mahmoud!$C$2:$C$500,"Wrong")+COUNTIFS(Adam!$D$2:$D$500,$A9,Adam!$G$2:$G$500,B$4,Adam!$C$2:$C$500,"Wrong")+COUNTIFS(Nader!$D$2:$D$500,$A9,Nader!$G$2:$G$500,B$4,Nader!$C$2:$C$500,"Wrong")+COUNTIFS(Mina!$D$2:$D$500,$A9,Mina!$G$2:$G$500,B$4,Mina!$C$2:$C$500,"Wrong")+COUNTIFS(Nada!$D$2:$D$500,$A9,Nada!$G$2:$G$500,B$4,Nada!$C$2:$C$500,"Wrong") -> 0 | C9: =COUNTIFS(Mahmoud!$D$2:$D$500,$A9,Mahmoud!$G$2:$G$500,C$4,Mahmoud!$C$2:$C$500,"Wrong")+COUNTIFS(Adam!$D$2:$D$500,$A9,Adam!$G$2:$G$500,C$4,Adam!$C$2:$C$500,"Wrong")+COUNTIFS(Nader!$D$2:$D$500,$A9,Nader!$G$2:$G$500,C$4,Nader!$C$2:$C$500,"Wrong")+COUNTIFS(Mina!$D$2:$D$500,$A9,Mina!$G$2:$G$500,C$4,Mina!$C$2:$C$500,"Wrong")+COUNTIFS(Nada!$D$2:$D$500,$A9,Nada!$G$2:$G$500,C$4,Nada!$C$2:$C$500,"Wrong") -> 0 | D9: =COUNTIFS(Mahmoud!$D$2:$D$500,$A9,Mahmoud!$G$2:$G$500,D$4,Mahmoud!$C$2:$C$500,"Wrong")+COUNTIFS(Adam!$D$2:$D$500,$A9,Adam!$G$2:$G$500,D$4,Adam!$C$2:$C$500,"Wrong")+COUNTIFS(Nader!$D$2:$D$500,$A9,Nader!$G$2:$G$500,D$4,Nader!$C$2:$C$500,"Wrong")+COUNTIFS(Mina!$D$2:$D$500,$A9,Mina!$G$2:$G$500,D$4,Mina!$C$2:$C$500,"Wrong")+COUNTIFS(Nada!$D$2:$D$500,$A9,Nada!$G$2:$G$500,D$4,Nada!$C$2:$C$500,"Wrong") -> 0 | E9: =COUNTIFS(Mahmoud!$D$2:$D$500,$A9,Mahmoud!$C$2:$C$500,"Wrong")+COUNTIFS(Adam!$D$2:$D$500,$A9,Adam!$C$2:$C$500,"Wrong")+COUNTIFS(Nader!$D$2:$D$500,$A9,Nader!$C$2:$C$500,"Wrong")+COUNTIFS(Mina!$D$2:$D$500,$A9,Mina!$C$2:$C$500,"Wrong")+COUNTIFS(Nada!$D$2:$D$500,$A9,Nada!$C$2:$C$500,"Wrong") -> 0
A10: =Lists!B7 -> Action claimed | B10: =COUNTIFS(Mahmoud!$D$2:$D$500,$A10,Mahmoud!$G$2:$G$500,B$4,Mahmoud!$C$2:$C$500,"Wrong")+COUNTIFS(Adam!$D$2:$D$500,$A10,Adam!$G$2:$G$500,B$4,Adam!$C$2:$C$500,"Wrong")+COUNTIFS(Nader!$D$2:$D$500,$A10,Nader!$G$2:$G$500,B$4,Nader!$C$2:$C$500,"Wrong")+COUNTIFS(Mina!$D$2:$D$500,$A10,Mina!$G$2:$G$500,B$4,Mina!$C$2:$C$500,"Wrong")+COUNTIFS(Nada!$D$2:$D$500,$A10,Nada!$G$2:$G$500,B$4,Nada!$C$2:$C$500,"Wrong") -> 0 | C10: =COUNTIFS(Mahmoud!$D$2:$D$500,$A10,Mahmoud!$G$2:$G$500,C$4,Mahmoud!$C$2:$C$500,"Wrong")+COUNTIFS(Adam!$D$2:$D$500,$A10,Adam!$G$2:$G$500,C$4,Adam!$C$2:$C$500,"Wrong")+COUNTIFS(Nader!$D$2:$D$500,$A10,Nader!$G$2:$G$500,C$4,Nader!$C$2:$C$500,"Wrong")+COUNTIFS(Mina!$D$2:$D$500,$A10,Mina!$G$2:$G$500,C$4,Mina!$C$2:$C$500,"Wrong")+COUNTIFS(Nada!$D$2:$D$500,$A10,Nada!$G$2:$G$500,C$4,Nada!$C$2:$C$500,"Wrong") -> 0 | D10: =COUNTIFS(Mahmoud!$D$2:$D$500,$A10,Mahmoud!$G$2:$G$500,D$4,Mahmoud!$C$2:$C$500,"Wrong")+COUNTIFS(Adam!$D$2:$D$500,$A10,Adam!$G$2:$G$500,D$4,Adam!$C$2:$C$500,"Wrong")+COUNTIFS(Nader!$D$2:$D$500,$A10,Nader!$G$2:$G$500,D$4,Nader!$C$2:$C$500,"Wrong")+COUNTIFS(Mina!$D$2:$D$500,$A10,Mina!$G$2:$G$500,D$4,Mina!$C$2:$C$500,"Wrong")+COUNTIFS(Nada!$D$2:$D$500,$A10,Nada!$G$2:$G$500,D$4,Nada!$C$2:$C$500,"Wrong") -> 0 | E10: =COUNTIFS(Mahmoud!$D$2:$D$500,$A10,Mahmoud!$C$2:$C$500,"Wrong")+COUNTIFS(Adam!$D$2:$D$500,$A10,Adam!$C$2:$C$500,"Wrong")+COUNTIFS(Nader!$D$2:$D$500,$A10,Nader!$C$2:$C$500,"Wrong")+COUNTIFS(Mina!$D$2:$D$500,$A10,Mina!$C$2:$C$500,"Wrong")+COUNTIFS(Nada!$D$2:$D$500,$A10,Nada!$C$2:$C$500,"Wrong") -> 0
A11: =Lists!B8 -> Wrong ATT&CK mapping | B11: =COUNTIFS(Mahmoud!$D$2:$D$500,$A11,Mahmoud!$G$2:$G$500,B$4,Mahmoud!$C$2:$C$500,"Wrong")+COUNTIFS(Adam!$D$2:$D$500,$A11,Adam!$G$2:$G$500,B$4,Adam!$C$2:$C$500,"Wrong")+COUNTIFS(Nader!$D$2:$D$500,$A11,Nader!$G$2:$G$500,B$4,Nader!$C$2:$C$500,"Wrong")+COUNTIFS(Mina!$D$2:$D$500,$A11,Mina!$G$2:$G$500,B$4,Mina!$C$2:$C$500,"Wrong")+COUNTIFS(Nada!$D$2:$D$500,$A11,Nada!$G$2:$G$500,B$4,Nada!$C$2:$C$500,"Wrong") -> 0 | C11: =COUNTIFS(Mahmoud!$D$2:$D$500,$A11,Mahmoud!$G$2:$G$500,C$4,Mahmoud!$C$2:$C$500,"Wrong")+COUNTIFS(Adam!$D$2:$D$500,$A11,Adam!$G$2:$G$500,C$4,Adam!$C$2:$C$500,"Wrong")+COUNTIFS(Nader!$D$2:$D$500,$A11,Nader!$G$2:$G$500,C$4,Nader!$C$2:$C$500,"Wrong")+COUNTIFS(Mina!$D$2:$D$500,$A11,Mina!$G$2:$G$500,C$4,Mina!$C$2:$C$500,"Wrong")+COUNTIFS(Nada!$D$2:$D$500,$A11,Nada!$G$2:$G$500,C$4,Nada!$C$2:$C$500,"Wrong") -> 0 | D11: =COUNTIFS(Mahmoud!$D$2:$D$500,$A11,Mahmoud!$G$2:$G$500,D$4,Mahmoud!$C$2:$C$500,"Wrong")+COUNTIFS(Adam!$D$2:$D$500,$A11,Adam!$G$2:$G$500,D$4,Adam!$C$2:$C$500,"Wrong")+COUNTIFS(Nader!$D$2:$D$500,$A11,Nader!$G$2:$G$500,D$4,Nader!$C$2:$C$500,"Wrong")+COUNTIFS(Mina!$D$2:$D$500,$A11,Mina!$G$2:$G$500,D$4,Mina!$C$2:$C$500,"Wrong")+COUNTIFS(Nada!$D$2:$D$500,$A11,Nada!$G$2:$G$500,D$4,Nada!$C$2:$C$500,"Wrong") -> 0 | E11: =COUNTIFS(Mahmoud!$D$2:$D$500,$A11,Mahmoud!$C$2:$C$500,"Wrong")+COUNTIFS(Adam!$D$2:$D$500,$A11,Adam!$C$2:$C$500,"Wrong")+COUNTIFS(Nader!$D$2:$D$500,$A11,Nader!$C$2:$C$500,"Wrong")+COUNTIFS(Mina!$D$2:$D$500,$A11,Mina!$C$2:$C$500,"Wrong")+COUNTIFS(Nada!$D$2:$D$500,$A11,Nada!$C$2:$C$500,"Wrong") -> 0
A12: =Lists!B9 -> Omission | B12: =COUNTIFS(Mahmoud!$D$2:$D$500,$A12,Mahmoud!$G$2:$G$500,B$4,Mahmoud!$C$2:$C$500,"Wrong")+COUNTIFS(Adam!$D$2:$D$500,$A12,Adam!$G$2:$G$500,B$4,Adam!$C$2:$C$500,"Wrong")+COUNTIFS(Nader!$D$2:$D$500,$A12,Nader!$G$2:$G$500,B$4,Nader!$C$2:$C$500,"Wrong")+COUNTIFS(Mina!$D$2:$D$500,$A12,Mina!$G$2:$G$500,B$4,Mina!$C$2:$C$500,"Wrong")+COUNTIFS(Nada!$D$2:$D$500,$A12,Nada!$G$2:$G$500,B$4,Nada!$C$2:$C$500,"Wrong") -> 0 | C12: =COUNTIFS(Mahmoud!$D$2:$D$500,$A12,Mahmoud!$G$2:$G$500,C$4,Mahmoud!$C$2:$C$500,"Wrong")+COUNTIFS(Adam!$D$2:$D$500,$A12,Adam!$G$2:$G$500,C$4,Adam!$C$2:$C$500,"Wrong")+COUNTIFS(Nader!$D$2:$D$500,$A12,Nader!$G$2:$G$500,C$4,Nader!$C$2:$C$500,"Wrong")+COUNTIFS(Mina!$D$2:$D$500,$A12,Mina!$G$2:$G$500,C$4,Mina!$C$2:$C$500,"Wrong")+COUNTIFS(Nada!$D$2:$D$500,$A12,Nada!$G$2:$G$500,C$4,Nada!$C$2:$C$500,"Wrong") -> 0 | D12: =COUNTIFS(Mahmoud!$D$2:$D$500,$A12,Mahmoud!$G$2:$G$500,D$4,Mahmoud!$C$2:$C$500,"Wrong")+COUNTIFS(Adam!$D$2:$D$500,$A12,Adam!$G$2:$G$500,D$4,Adam!$C$2:$C$500,"Wrong")+COUNTIFS(Nader!$D$2:$D$500,$A12,Nader!$G$2:$G$500,D$4,Nader!$C$2:$C$500,"Wrong")+COUNTIFS(Mina!$D$2:$D$500,$A12,Mina!$G$2:$G$500,D$4,Mina!$C$2:$C$500,"Wrong")+COUNTIFS(Nada!$D$2:$D$500,$A12,Nada!$G$2:$G$500,D$4,Nada!$C$2:$C$500,"Wrong") -> 0 | E12: =COUNTIFS(Mahmoud!$D$2:$D$500,$A12,Mahmoud!$C$2:$C$500,"Wrong")+COUNTIFS(Adam!$D$2:$D$500,$A12,Adam!$C$2:$C$500,"Wrong")+COUNTIFS(Nader!$D$2:$D$500,$A12,Nader!$C$2:$C$500,"Wrong")+COUNTIFS(Mina!$D$2:$D$500,$A12,Mina!$C$2:$C$500,"Wrong")+COUNTIFS(Nada!$D$2:$D$500,$A12,Nada!$C$2:$C$500,"Wrong") -> 0
A13: Total | B13: =SUM(B5:B12) -> 0 | C13: =SUM(C5:C12) -> 0 | D13: =SUM(D5:D12) -> 0 | E13: =SUM(E5:E12) -> 0
A15: Entries by severity (Wrong entries only)
A16: Severity | B16: Count
A17: =Lists!C2 -> Low | B17: =COUNTIFS(Mahmoud!$E$2:$E$500,$A17,Mahmoud!$C$2:$C$500,"Wrong")+COUNTIFS(Adam!$E$2:$E$500,$A17,Adam!$C$2:$C$500,"Wrong")+COUNTIFS(Nader!$E$2:$E$500,$A17,Nader!$C$2:$C$500,"Wrong")+COUNTIFS(Mina!$E$2:$E$500,$A17,Mina!$C$2:$C$500,"Wrong")+COUNTIFS(Nada!$E$2:$E$500,$A17,Nada!$C$2:$C$500,"Wrong") -> 0
A18: =Lists!C3 -> Medium | B18: =COUNTIFS(Mahmoud!$E$2:$E$500,$A18,Mahmoud!$C$2:$C$500,"Wrong")+COUNTIFS(Adam!$E$2:$E$500,$A18,Adam!$C$2:$C$500,"Wrong")+COUNTIFS(Nader!$E$2:$E$500,$A18,Nader!$C$2:$C$500,"Wrong")+COUNTIFS(Mina!$E$2:$E$500,$A18,Mina!$C$2:$C$500,"Wrong")+COUNTIFS(Nada!$E$2:$E$500,$A18,Nada!$C$2:$C$500,"Wrong") -> 0
A19: =Lists!C4 -> High | B19: =COUNTIFS(Mahmoud!$E$2:$E$500,$A19,Mahmoud!$C$2:$C$500,"Wrong")+COUNTIFS(Adam!$E$2:$E$500,$A19,Adam!$C$2:$C$500,"Wrong")+COUNTIFS(Nader!$E$2:$E$500,$A19,Nader!$C$2:$C$500,"Wrong")+COUNTIFS(Mina!$E$2:$E$500,$A19,Mina!$C$2:$C$500,"Wrong")+COUNTIFS(Nada!$E$2:$E$500,$A19,Nada!$C$2:$C$500,"Wrong") -> 0
